[
    {
        "id": 1,
        "date": "2024-11-15",
        "title": "Tuyên Truyền Công Tác Phòng Cháy Chữa Cháy",
        "description": "Hoạt động tuyên truyền về công tác PCCC giúp các bé hiểu được tầm quan trọng của việc phòng cháy chữa cháy, cách nhận biết các nguy cơ cháy nổ và biết cách ứng phó khi có sự cố xảy ra.",
        "images": ["img/Pccc.jpg", "img/Pccc2.jpg"]
    },
    {
        "id": 2,
        "date": "2024-10-20",
        "title": "Ngày Hội Thể Thao Gia Đình 2024",
        "description": "Ngày hội thể thao là dịp để các bé cùng gia đình tham gia các hoạt động vận động, rèn luyện sức khỏe.",
        "images": ["img/sport.jpg", "img/sport2.jpg"]
    },
    {
        "id": 3,
        "date": "2024-09-05",
        "title": "Ngày Hội Văn Hóa Dân Gian",
        "description": "Ngày hội văn hóa dân gian là cơ hội để các bé được tìm hiểu về văn hóa truyền thống của dân tộc.",
        "images": ["img/culture2.jpg", "img/cultrure.jpg"]
    }
]
