{"h\u1ecdc k\u1ef3 1 (12-8-2025 \u0111\u1ebfn ng\u00e0y 12-12-2025 )":{"t2":{"p1":"t\u1eadp \u0111\u1ebfm","p2":"t\u1eadp \u0111\u1ebfm","p3":"t\u1eadp v\u1ebd","p4":"t\u1eadp \u0111\u1ebfm","p5":"t\u1eadp \u0111\u1ebfm","p6":"t\u1eadp v\u1ebd","p7":"t\u1eadp \u0111\u1ebfm","p8":"t\u1eadp v\u1ebd"},"t3":{"p1":"t\u1eadp v\u1ebd","p2":"t\u1eadp \u0111\u1ebfm","p3":"t\u1eadp \u0111\u1ebfm","p4":"t\u1eadp v\u1ebd","p5":"t\u1eadp v\u1ebd","p6":"t\u1eadp \u0111\u1ebfmt\u1eadp \u0111\u1ebfm","p7":"t\u1eadp \u0111\u1ebfm","p8":"t\u1eadp \u0111\u1ebfm"},"t4":{"p1":"t\u1eadp \u0111\u1ebfm","p2":"t\u1eadp v\u1ebd","p3":"t\u1eadp v\u1ebd","p4":"t\u1eadp \u0111\u1ebfm","p5":"t\u1eadp v\u1ebd","p6":"t\u1eadp v\u1ebd","p7":"t\u1eadp v\u1ebd","p8":"t\u1eadp \u0111\u1ebfm"},"t5":{"p1":"t\u1eadp \u0111\u1ebfm","p2":"t\u1eadp \u0111\u1ebfm","p3":"t\u1eadp \u0111\u1ebfm","p4":"t\u1eadp v\u1ebd","p5":"t\u1eadp \u0111\u1ebfm","p6":"t\u1eadp \u0111\u1ebfm","p7":"t\u1eadp v\u1ebd","p8":"t\u1eadp \u0111\u1ebfm"},"t6":{"p1":"t\u1eadp v\u1ebd","p2":"t\u1eadp v\u1ebd","p3":"t\u1eadp \u0111\u1ebfm","p4":"t\u1eadp \u0111\u1ebfm","p5":"t\u1eadp v\u1ebd","p6":"t\u1eadp \u0111\u1ebfm","p7":"t\u1eadp \u0111\u1ebfm","p8":"t\u1eadp v\u1ebd"},"t7":{"p1":"t\u1eadp \u0111\u1ebfm","p2":"t\u1eadp v\u1ebd","p3":"t\u1eadp \u0111\u1ebfm","p4":"t\u1eadp v\u1ebd","p5":"t\u1eadp \u0111\u1ebfm","p6":"t\u1eadp v\u1ebd","p7":"t\u1eadp v\u1ebd","p8":"t\u1eadp \u0111\u1ebfm"}}}